<?xml version="1.0" encoding="UTF-8"?>
<GenRun Id="synth_1" LaunchPart="xc7z020clg484-1" LaunchTime="1713087443">
  <File Type="PA-TCL" Name="top.tcl"/>
  <File Type="REPORTS-TCL" Name="top_reports.tcl"/>
  <File Type="RDS-RDS" Name="top.vds"/>
  <File Type="RDS-UTIL" Name="top_utilization_synth.rpt"/>
  <File Type="RDS-UTIL-PB" Name="top_utilization_synth.pb"/>
  <File Type="RDS-DCP" Name="top.dcp"/>
  <FileSet Name="sources" Type="DesignSrcs" RelSrcDir="$PSRCDIR/sources_1" RelGenDir="$PGENDIR/sources_1">
    <Filter Type="Srcs"/>
    <File Path="$PSRCDIR/sources_1/ip/clk_wiz_1/clk_wiz_1.xci">
      <FileInfo>
        <Attr Name="UsedIn" Val="synthesis"/>
        <Attr Name="UsedIn" Val="implementation"/>
        <Attr Name="UsedIn" Val="simulation"/>
      </FileInfo>
    </File>
    <File Path="$PSRCDIR/sources_1/imports/rtl/cam_capture.v">
      <FileInfo>
        <Attr Name="ImportPath" Val="C:/Users/HP/OneDrive/Desktop/rtl/cam_capture.v"/>
        <Attr Name="ImportTime" Val="1712873290"/>
        <Attr Name="UsedIn" Val="synthesis"/>
        <Attr Name="UsedIn" Val="implementation"/>
        <Attr Name="UsedIn" Val="simulation"/>
      </FileInfo>
    </File>
    <File Path="$PSRCDIR/sources_1/imports/rtl/cam_config.v">
      <FileInfo>
        <Attr Name="ImportPath" Val="C:/Users/HP/OneDrive/Desktop/rtl/cam_config.v"/>
        <Attr Name="ImportTime" Val="1712873290"/>
        <Attr Name="UsedIn" Val="synthesis"/>
        <Attr Name="UsedIn" Val="implementation"/>
        <Attr Name="UsedIn" Val="simulation"/>
      </FileInfo>
    </File>
    <File Path="$PSRCDIR/sources_1/imports/rtl/cam_init.v">
      <FileInfo>
        <Attr Name="ImportPath" Val="C:/Users/HP/OneDrive/Desktop/rtl/cam_init.v"/>
        <Attr Name="ImportTime" Val="1712873290"/>
        <Attr Name="UsedIn" Val="synthesis"/>
        <Attr Name="UsedIn" Val="implementation"/>
        <Attr Name="UsedIn" Val="simulation"/>
      </FileInfo>
    </File>
    <File Path="$PSRCDIR/sources_1/imports/rtl/cam_rom.v">
      <FileInfo>
        <Attr Name="ImportPath" Val="C:/Users/HP/OneDrive/Desktop/rtl/cam_rom.v"/>
        <Attr Name="ImportTime" Val="1712873290"/>
        <Attr Name="UsedIn" Val="synthesis"/>
        <Attr Name="UsedIn" Val="implementation"/>
        <Attr Name="UsedIn" Val="simulation"/>
      </FileInfo>
    </File>
    <File Path="$PSRCDIR/sources_1/imports/rtl/cam_top.v">
      <FileInfo>
        <Attr Name="ImportPath" Val="C:/Users/HP/OneDrive/Desktop/rtl/cam_top.v"/>
        <Attr Name="ImportTime" Val="1712873290"/>
        <Attr Name="UsedIn" Val="synthesis"/>
        <Attr Name="UsedIn" Val="implementation"/>
        <Attr Name="UsedIn" Val="simulation"/>
      </FileInfo>
    </File>
    <File Path="$PSRCDIR/sources_1/imports/rtl/debounce.v">
      <FileInfo>
        <Attr Name="ImportPath" Val="C:/Users/HP/OneDrive/Desktop/rtl/debounce.v"/>
        <Attr Name="ImportTime" Val="1712873290"/>
        <Attr Name="UsedIn" Val="synthesis"/>
        <Attr Name="UsedIn" Val="implementation"/>
        <Attr Name="UsedIn" Val="simulation"/>
      </FileInfo>
    </File>
    <File Path="$PSRCDIR/sources_1/imports/rtl/mem_bram.v">
      <FileInfo>
        <Attr Name="ImportPath" Val="C:/Users/HP/OneDrive/Desktop/rtl/mem_bram.v"/>
        <Attr Name="ImportTime" Val="1712873290"/>
        <Attr Name="UsedIn" Val="synthesis"/>
        <Attr Name="UsedIn" Val="implementation"/>
        <Attr Name="UsedIn" Val="simulation"/>
      </FileInfo>
    </File>
    <File Path="$PSRCDIR/sources_1/imports/rtl/sccb_master.v">
      <FileInfo>
        <Attr Name="ImportPath" Val="C:/Users/HP/OneDrive/Desktop/rtl/sccb_master.v"/>
        <Attr Name="ImportTime" Val="1712873290"/>
        <Attr Name="UsedIn" Val="synthesis"/>
        <Attr Name="UsedIn" Val="implementation"/>
        <Attr Name="UsedIn" Val="simulation"/>
      </FileInfo>
    </File>
    <File Path="$PSRCDIR/sources_1/imports/rtl/vga_driver.v">
      <FileInfo>
        <Attr Name="ImportPath" Val="C:/Users/HP/OneDrive/Desktop/rtl/vga_driver.v"/>
        <Attr Name="ImportTime" Val="1712873290"/>
        <Attr Name="UsedIn" Val="synthesis"/>
        <Attr Name="UsedIn" Val="implementation"/>
        <Attr Name="UsedIn" Val="simulation"/>
      </FileInfo>
    </File>
    <File Path="$PSRCDIR/sources_1/imports/rtl/vga_top.v">
      <FileInfo>
        <Attr Name="ImportPath" Val="C:/Users/HP/OneDrive/Desktop/rtl/vga_top.v"/>
        <Attr Name="ImportTime" Val="1712873290"/>
        <Attr Name="UsedIn" Val="synthesis"/>
        <Attr Name="UsedIn" Val="implementation"/>
        <Attr Name="UsedIn" Val="simulation"/>
      </FileInfo>
    </File>
    <File Path="$PSRCDIR/sources_1/imports/rtl/top.v">
      <FileInfo>
        <Attr Name="ImportPath" Val="C:/Users/HP/OneDrive/Desktop/rtl/top.v"/>
        <Attr Name="ImportTime" Val="1712873290"/>
        <Attr Name="UsedIn" Val="synthesis"/>
        <Attr Name="UsedIn" Val="implementation"/>
        <Attr Name="UsedIn" Val="simulation"/>
      </FileInfo>
    </File>
    <Config>
      <Option Name="DesignMode" Val="RTL"/>
      <Option Name="TopModule" Val="top"/>
      <Option Name="TopAutoSet" Val="TRUE"/>
    </Config>
  </FileSet>
  <FileSet Name="constrs_in" Type="Constrs" RelSrcDir="$PSRCDIR/constrs_1">
    <Filter Type="Constrs"/>
    <File Path="$PSRCDIR/constrs_1/imports/Desktop/Zedboard-Master.xdc">
      <FileInfo>
        <Attr Name="ImportPath" Val="C:/Users/HP/OneDrive/Desktop/Zedboard-Master.xdc"/>
        <Attr Name="ImportTime" Val="1712921565"/>
        <Attr Name="UsedIn" Val="synthesis"/>
        <Attr Name="UsedIn" Val="implementation"/>
      </FileInfo>
    </File>
    <Config>
      <Option Name="ConstrsType" Val="XDC"/>
    </Config>
  </FileSet>
  <FileSet Name="utils" Type="Utils" RelSrcDir="$PSRCDIR/utils_1">
    <Filter Type="Utils"/>
    <Config>
      <Option Name="TopAutoSet" Val="TRUE"/>
    </Config>
  </FileSet>
  <Strategy Version="1" Minor="2">
    <StratHandle Name="Vivado Synthesis Defaults" Flow="Vivado Synthesis 2020"/>
    <Step Id="synth_design"/>
  </Strategy>
</GenRun>
