<?xml version="1.0" encoding="UTF-8"?>
<GenRun Id="impl_1" LaunchPart="xc7z020clg484-1" LaunchTime="1713554070">
  <File Type="BITSTR-BMM" Name="terminal_demo_bd.bmm"/>
  <File Type="OPT-METHODOLOGY-DRC" Name="terminal_demo_methodology_drc_opted.rpt"/>
  <File Type="INIT-TIMING" Name="terminal_demo_timing_summary_init.rpt"/>
  <File Type="ROUTE-PWR" Name="terminal_demo_power_routed.rpt"/>
  <File Type="PA-TCL" Name="terminal_demo.tcl"/>
  <File Type="OPT-TIMING" Name="terminal_demo_timing_summary_opted.rpt"/>
  <File Type="OPT-DCP" Name="terminal_demo_opt.dcp"/>
  <File Type="ROUTE-PWR-SUM" Name="terminal_demo_power_summary_routed.pb"/>
  <File Type="REPORTS-TCL" Name="terminal_demo_reports.tcl"/>
  <File Type="OPT-DRC" Name="terminal_demo_drc_opted.rpt"/>
  <File Type="OPT-HWDEF" Name="terminal_demo.hwdef"/>
  <File Type="PWROPT-DCP" Name="terminal_demo_pwropt.dcp"/>
  <File Type="PWROPT-DRC" Name="terminal_demo_drc_pwropted.rpt"/>
  <File Type="PWROPT-TIMING" Name="terminal_demo_timing_summary_pwropted.rpt"/>
  <File Type="PLACE-DCP" Name="terminal_demo_placed.dcp"/>
  <File Type="PLACE-IO" Name="terminal_demo_io_placed.rpt"/>
  <File Type="PLACE-CLK" Name="terminal_demo_clock_utilization_placed.rpt"/>
  <File Type="PLACE-UTIL" Name="terminal_demo_utilization_placed.rpt"/>
  <File Type="PLACE-UTIL-PB" Name="terminal_demo_utilization_placed.pb"/>
  <File Type="PLACE-CTRL" Name="terminal_demo_control_sets_placed.rpt"/>
  <File Type="PLACE-SIMILARITY" Name="terminal_demo_incremental_reuse_placed.rpt"/>
  <File Type="PLACE-PRE-SIMILARITY" Name="terminal_demo_incremental_reuse_pre_placed.rpt"/>
  <File Type="PLACE-TIMING" Name="terminal_demo_timing_summary_placed.rpt"/>
  <File Type="POSTPLACE-PWROPT-DCP" Name="terminal_demo_postplace_pwropt.dcp"/>
  <File Type="BG-BIN" Name="terminal_demo.bin"/>
  <File Type="POSTPLACE-PWROPT-TIMING" Name="terminal_demo_timing_summary_postplace_pwropted.rpt"/>
  <File Type="PHYSOPT-DCP" Name="terminal_demo_physopt.dcp"/>
  <File Type="PHYSOPT-DRC" Name="terminal_demo_drc_physopted.rpt"/>
  <File Type="BITSTR-MSK" Name="terminal_demo.msk"/>
  <File Type="PHYSOPT-TIMING" Name="terminal_demo_timing_summary_physopted.rpt"/>
  <File Type="ROUTE-ERROR-DCP" Name="terminal_demo_routed_error.dcp"/>
  <File Type="ROUTE-DCP" Name="terminal_demo_routed.dcp"/>
  <File Type="ROUTE-BLACKBOX-DCP" Name="terminal_demo_routed_bb.dcp"/>
  <File Type="ROUTE-DRC" Name="terminal_demo_drc_routed.rpt"/>
  <File Type="ROUTE-DRC-PB" Name="terminal_demo_drc_routed.pb"/>
  <File Type="ROUTE-DRC-RPX" Name="terminal_demo_drc_routed.rpx"/>
  <File Type="BITSTR-MMI" Name="terminal_demo.mmi"/>
  <File Type="ROUTE-METHODOLOGY-DRC" Name="terminal_demo_methodology_drc_routed.rpt"/>
  <File Type="ROUTE-METHODOLOGY-DRC-RPX" Name="terminal_demo_methodology_drc_routed.rpx"/>
  <File Type="ROUTE-METHODOLOGY-DRC-PB" Name="terminal_demo_methodology_drc_routed.pb"/>
  <File Type="ROUTE-PWR-RPX" Name="terminal_demo_power_routed.rpx"/>
  <File Type="ROUTE-STATUS" Name="terminal_demo_route_status.rpt"/>
  <File Type="ROUTE-STATUS-PB" Name="terminal_demo_route_status.pb"/>
  <File Type="ROUTE-TIMINGSUMMARY" Name="terminal_demo_timing_summary_routed.rpt"/>
  <File Type="ROUTE-TIMING-PB" Name="terminal_demo_timing_summary_routed.pb"/>
  <File Type="ROUTE-TIMING-RPX" Name="terminal_demo_timing_summary_routed.rpx"/>
  <File Type="ROUTE-SIMILARITY" Name="terminal_demo_incremental_reuse_routed.rpt"/>
  <File Type="ROUTE-CLK" Name="terminal_demo_clock_utilization_routed.rpt"/>
  <File Type="ROUTE-BUS-SKEW" Name="terminal_demo_bus_skew_routed.rpt"/>
  <File Type="ROUTE-BUS-SKEW-PB" Name="terminal_demo_bus_skew_routed.pb"/>
  <File Type="ROUTE-BUS-SKEW-RPX" Name="terminal_demo_bus_skew_routed.rpx"/>
  <File Type="POSTROUTE-PHYSOPT-DCP" Name="terminal_demo_postroute_physopt.dcp"/>
  <File Type="POSTROUTE-PHYSOPT-BLACKBOX-DCP" Name="terminal_demo_postroute_physopt_bb.dcp"/>
  <File Type="POSTROUTE-PHYSOPT-TIMING" Name="terminal_demo_timing_summary_postroute_physopted.rpt"/>
  <File Type="POSTROUTE-PHYSOPT-TIMING-PB" Name="terminal_demo_timing_summary_postroute_physopted.pb"/>
  <File Type="POSTROUTE-PHYSOPT-TIMING-RPX" Name="terminal_demo_timing_summary_postroute_physopted.rpx"/>
  <File Type="POSTROUTE-PHYSOPT-BUS-SKEW" Name="terminal_demo_bus_skew_postroute_physopted.rpt"/>
  <File Type="POSTROUTE-PHYSOPT-BUS-SKEW-PB" Name="terminal_demo_bus_skew_postroute_physopted.pb"/>
  <File Type="BG-BIT" Name="terminal_demo.bit"/>
  <File Type="POSTROUTE-PHYSOPT-BUS-SKEW-RPX" Name="terminal_demo_bus_skew_postroute_physopted.rpx"/>
  <File Type="BITSTR-RBT" Name="terminal_demo.rbt"/>
  <File Type="BITSTR-NKY" Name="terminal_demo.nky"/>
  <File Type="PDI-FILE" Name="terminal_demo.pdi"/>
  <File Type="RCFI_FILE" Name="terminal_demo.rcfi"/>
  <File Type="CFI_FILE" Name="terminal_demo.cfi"/>
  <File Type="RNPI_FILE" Name="terminal_demo.rnpi"/>
  <File Type="NPI_FILE" Name="terminal_demo.npi"/>
  <File Type="RBD_FILE" Name="terminal_demo.rbd"/>
  <File Type="BITSTR-LTX" Name="debug_nets.ltx"/>
  <File Type="BITSTR-LTX" Name="terminal_demo.ltx"/>
  <File Type="BITSTR-SYSDEF" Name="terminal_demo.sysdef"/>
  <File Type="BG-BGN" Name="terminal_demo.bgn"/>
  <File Type="BG-DRC" Name="terminal_demo.drc"/>
  <File Type="RDI-RDI" Name="terminal_demo.vdi"/>
  <File Type="WBT-USG" Name="usage_statistics_webtalk.html"/>
  <FileSet Name="sources" Type="DesignSrcs" RelSrcDir="$PSRCDIR/sources_1" RelGenDir="$PGENDIR/sources_1">
    <Filter Type="Srcs"/>
    <File Path="$PSRCDIR/sources_1/imports/Source/button.v">
      <FileInfo>
        <Attr Name="ImportPath" Val="C:/Users/HP/OneDrive/Desktop/ece_3300-main/ece_3300-main/M12 UART/Source/button.v"/>
        <Attr Name="ImportTime" Val="1713553980"/>
        <Attr Name="UsedIn" Val="synthesis"/>
        <Attr Name="UsedIn" Val="implementation"/>
        <Attr Name="UsedIn" Val="simulation"/>
      </FileInfo>
    </File>
    <File Path="$PSRCDIR/sources_1/imports/Source/debouncer_delayed.v">
      <FileInfo>
        <Attr Name="ImportPath" Val="C:/Users/HP/OneDrive/Desktop/ece_3300-main/ece_3300-main/M12 UART/Source/debouncer_delayed.v"/>
        <Attr Name="ImportTime" Val="1713553980"/>
        <Attr Name="UsedIn" Val="synthesis"/>
        <Attr Name="UsedIn" Val="implementation"/>
        <Attr Name="UsedIn" Val="simulation"/>
      </FileInfo>
    </File>
    <File Path="$PSRCDIR/sources_1/imports/Source/debouncer_delayed_fsm.v">
      <FileInfo>
        <Attr Name="ImportPath" Val="C:/Users/HP/OneDrive/Desktop/ece_3300-main/ece_3300-main/M12 UART/Source/debouncer_delayed_fsm.v"/>
        <Attr Name="ImportTime" Val="1713553980"/>
        <Attr Name="UsedIn" Val="synthesis"/>
        <Attr Name="UsedIn" Val="implementation"/>
        <Attr Name="UsedIn" Val="simulation"/>
      </FileInfo>
    </File>
    <File Path="$PSRCDIR/sources_1/imports/Source/decoder_generic.v">
      <FileInfo>
        <Attr Name="ImportPath" Val="C:/Users/HP/OneDrive/Desktop/ece_3300-main/ece_3300-main/M12 UART/Source/decoder_generic.v"/>
        <Attr Name="ImportTime" Val="1713553980"/>
        <Attr Name="UsedIn" Val="synthesis"/>
        <Attr Name="UsedIn" Val="implementation"/>
        <Attr Name="UsedIn" Val="simulation"/>
      </FileInfo>
    </File>
    <File Path="$PSRCDIR/sources_1/imports/Source/edge_detector.v">
      <FileInfo>
        <Attr Name="ImportPath" Val="C:/Users/HP/OneDrive/Desktop/ece_3300-main/ece_3300-main/M12 UART/Source/edge_detector.v"/>
        <Attr Name="ImportTime" Val="1713553980"/>
        <Attr Name="UsedIn" Val="synthesis"/>
        <Attr Name="UsedIn" Val="implementation"/>
        <Attr Name="UsedIn" Val="simulation"/>
      </FileInfo>
    </File>
    <File Path="$PSRCDIR/sources_1/imports/Source/hex2sseg.v">
      <FileInfo>
        <Attr Name="ImportPath" Val="C:/Users/HP/OneDrive/Desktop/ece_3300-main/ece_3300-main/M12 UART/Source/hex2sseg.v"/>
        <Attr Name="ImportTime" Val="1713553980"/>
        <Attr Name="UsedIn" Val="synthesis"/>
        <Attr Name="UsedIn" Val="implementation"/>
        <Attr Name="UsedIn" Val="simulation"/>
      </FileInfo>
    </File>
    <File Path="$PSRCDIR/sources_1/imports/Source/mux_8x1_nbit.v">
      <FileInfo>
        <Attr Name="ImportPath" Val="C:/Users/HP/OneDrive/Desktop/ece_3300-main/ece_3300-main/M12 UART/Source/mux_8x1_nbit.v"/>
        <Attr Name="ImportTime" Val="1713553980"/>
        <Attr Name="UsedIn" Val="synthesis"/>
        <Attr Name="UsedIn" Val="implementation"/>
        <Attr Name="UsedIn" Val="simulation"/>
      </FileInfo>
    </File>
    <File Path="$PSRCDIR/sources_1/imports/Source/sseg_driver.v">
      <FileInfo>
        <Attr Name="ImportPath" Val="C:/Users/HP/OneDrive/Desktop/ece_3300-main/ece_3300-main/M12 UART/Source/sseg_driver.v"/>
        <Attr Name="ImportTime" Val="1713553980"/>
        <Attr Name="UsedIn" Val="synthesis"/>
        <Attr Name="UsedIn" Val="implementation"/>
        <Attr Name="UsedIn" Val="simulation"/>
      </FileInfo>
    </File>
    <File Path="$PSRCDIR/sources_1/imports/Source/synchronizer.v">
      <FileInfo>
        <Attr Name="ImportPath" Val="C:/Users/HP/OneDrive/Desktop/ece_3300-main/ece_3300-main/M12 UART/Source/synchronizer.v"/>
        <Attr Name="ImportTime" Val="1713553980"/>
        <Attr Name="UsedIn" Val="synthesis"/>
        <Attr Name="UsedIn" Val="implementation"/>
        <Attr Name="UsedIn" Val="simulation"/>
      </FileInfo>
    </File>
    <File Path="$PSRCDIR/sources_1/imports/Source/timer_input.v">
      <FileInfo>
        <Attr Name="ImportPath" Val="C:/Users/HP/OneDrive/Desktop/ece_3300-main/ece_3300-main/M12 UART/Source/timer_input.v"/>
        <Attr Name="ImportTime" Val="1713553980"/>
        <Attr Name="UsedIn" Val="synthesis"/>
        <Attr Name="UsedIn" Val="implementation"/>
        <Attr Name="UsedIn" Val="simulation"/>
      </FileInfo>
    </File>
    <File Path="$PSRCDIR/sources_1/imports/Source/timer_parameter.v">
      <FileInfo>
        <Attr Name="ImportPath" Val="C:/Users/HP/OneDrive/Desktop/ece_3300-main/ece_3300-main/M12 UART/Source/timer_parameter.v"/>
        <Attr Name="ImportTime" Val="1713553980"/>
        <Attr Name="UsedIn" Val="synthesis"/>
        <Attr Name="UsedIn" Val="implementation"/>
        <Attr Name="UsedIn" Val="simulation"/>
      </FileInfo>
    </File>
    <File Path="$PSRCDIR/sources_1/imports/Source/uart.v">
      <FileInfo>
        <Attr Name="ImportPath" Val="C:/Users/HP/OneDrive/Desktop/ece_3300-main/ece_3300-main/M12 UART/Source/uart.v"/>
        <Attr Name="ImportTime" Val="1713553980"/>
        <Attr Name="UsedIn" Val="synthesis"/>
        <Attr Name="UsedIn" Val="implementation"/>
        <Attr Name="UsedIn" Val="simulation"/>
      </FileInfo>
    </File>
    <File Path="$PSRCDIR/sources_1/imports/Source/uart_rx.v">
      <FileInfo>
        <Attr Name="ImportPath" Val="C:/Users/HP/OneDrive/Desktop/ece_3300-main/ece_3300-main/M12 UART/Source/uart_rx.v"/>
        <Attr Name="ImportTime" Val="1713553980"/>
        <Attr Name="UsedIn" Val="synthesis"/>
        <Attr Name="UsedIn" Val="implementation"/>
        <Attr Name="UsedIn" Val="simulation"/>
      </FileInfo>
    </File>
    <File Path="$PSRCDIR/sources_1/imports/Source/uart_tx.v">
      <FileInfo>
        <Attr Name="ImportPath" Val="C:/Users/HP/OneDrive/Desktop/ece_3300-main/ece_3300-main/M12 UART/Source/uart_tx.v"/>
        <Attr Name="ImportTime" Val="1713553980"/>
        <Attr Name="UsedIn" Val="synthesis"/>
        <Attr Name="UsedIn" Val="implementation"/>
        <Attr Name="UsedIn" Val="simulation"/>
      </FileInfo>
    </File>
    <File Path="$PSRCDIR/sources_1/imports/Source/udl_counter.v">
      <FileInfo>
        <Attr Name="ImportPath" Val="C:/Users/HP/OneDrive/Desktop/ece_3300-main/ece_3300-main/M12 UART/Source/udl_counter.v"/>
        <Attr Name="ImportTime" Val="1713553980"/>
        <Attr Name="UsedIn" Val="synthesis"/>
        <Attr Name="UsedIn" Val="implementation"/>
        <Attr Name="UsedIn" Val="simulation"/>
      </FileInfo>
    </File>
    <File Path="$PSRCDIR/sources_1/imports/Source/terminal_demo.v">
      <FileInfo>
        <Attr Name="ImportPath" Val="C:/Users/HP/OneDrive/Desktop/ece_3300-main/ece_3300-main/M12 UART/Source/terminal_demo.v"/>
        <Attr Name="ImportTime" Val="1713553980"/>
        <Attr Name="UsedIn" Val="synthesis"/>
        <Attr Name="UsedIn" Val="implementation"/>
        <Attr Name="UsedIn" Val="simulation"/>
      </FileInfo>
    </File>
    <Config>
      <Option Name="DesignMode" Val="RTL"/>
      <Option Name="TopModule" Val="terminal_demo"/>
      <Option Name="TopAutoSet" Val="TRUE"/>
    </Config>
  </FileSet>
  <FileSet Name="constrs_in" Type="Constrs" RelSrcDir="$PSRCDIR/constrs_1">
    <Filter Type="Constrs"/>
    <Config>
      <Option Name="ConstrsType" Val="XDC"/>
    </Config>
  </FileSet>
  <FileSet Name="utils" Type="Utils" RelSrcDir="$PSRCDIR/utils_1">
    <Filter Type="Utils"/>
    <Config>
      <Option Name="TopAutoSet" Val="TRUE"/>
    </Config>
  </FileSet>
  <Strategy Version="1" Minor="2">
    <StratHandle Name="Vivado Implementation Defaults" Flow="Vivado Implementation 2020">
      <Desc>Default settings for Implementation.</Desc>
    </StratHandle>
    <Step Id="init_design"/>
    <Step Id="opt_design"/>
    <Step Id="power_opt_design"/>
    <Step Id="place_design"/>
    <Step Id="post_place_power_opt_design"/>
    <Step Id="phys_opt_design"/>
    <Step Id="route_design"/>
    <Step Id="post_route_phys_opt_design"/>
    <Step Id="write_bitstream"/>
  </Strategy>
  <BlockFileSet Type="BlockSrcs" Name="fifo_generator_0"/>
</GenRun>
