<?xml version="1.0" encoding="UTF-8"?>
<GenRun Id="synth_1" LaunchPart="xc7z020clg484-1" LaunchTime="1713554070">
  <File Type="PA-TCL" Name="terminal_demo.tcl"/>
  <File Type="RDS-PROPCONSTRS" Name="terminal_demo_drc_synth.rpt"/>
  <File Type="REPORTS-TCL" Name="terminal_demo_reports.tcl"/>
  <File Type="RDS-RDS" Name="terminal_demo.vds"/>
  <File Type="RDS-UTIL" Name="terminal_demo_utilization_synth.rpt"/>
  <File Type="RDS-UTIL-PB" Name="terminal_demo_utilization_synth.pb"/>
  <File Type="RDS-DCP" Name="terminal_demo.dcp"/>
  <File Type="VDS-TIMINGSUMMARY" Name="terminal_demo_timing_summary_synth.rpt"/>
  <File Type="VDS-TIMING-PB" Name="terminal_demo_timing_summary_synth.pb"/>
  <FileSet Name="sources" Type="DesignSrcs" RelSrcDir="$PSRCDIR/sources_1" RelGenDir="$PGENDIR/sources_1">
    <Filter Type="Srcs"/>
    <File Path="$PSRCDIR/sources_1/imports/Source/button.v">
      <FileInfo>
        <Attr Name="ImportPath" Val="C:/Users/HP/OneDrive/Desktop/ece_3300-main/ece_3300-main/M12 UART/Source/button.v"/>
        <Attr Name="ImportTime" Val="1713553980"/>
        <Attr Name="UsedIn" Val="synthesis"/>
        <Attr Name="UsedIn" Val="implementation"/>
        <Attr Name="UsedIn" Val="simulation"/>
      </FileInfo>
    </File>
    <File Path="$PSRCDIR/sources_1/imports/Source/debouncer_delayed.v">
      <FileInfo>
        <Attr Name="ImportPath" Val="C:/Users/HP/OneDrive/Desktop/ece_3300-main/ece_3300-main/M12 UART/Source/debouncer_delayed.v"/>
        <Attr Name="ImportTime" Val="1713553980"/>
        <Attr Name="UsedIn" Val="synthesis"/>
        <Attr Name="UsedIn" Val="implementation"/>
        <Attr Name="UsedIn" Val="simulation"/>
      </FileInfo>
    </File>
    <File Path="$PSRCDIR/sources_1/imports/Source/debouncer_delayed_fsm.v">
      <FileInfo>
        <Attr Name="ImportPath" Val="C:/Users/HP/OneDrive/Desktop/ece_3300-main/ece_3300-main/M12 UART/Source/debouncer_delayed_fsm.v"/>
        <Attr Name="ImportTime" Val="1713553980"/>
        <Attr Name="UsedIn" Val="synthesis"/>
        <Attr Name="UsedIn" Val="implementation"/>
        <Attr Name="UsedIn" Val="simulation"/>
      </FileInfo>
    </File>
    <File Path="$PSRCDIR/sources_1/imports/Source/decoder_generic.v">
      <FileInfo>
        <Attr Name="ImportPath" Val="C:/Users/HP/OneDrive/Desktop/ece_3300-main/ece_3300-main/M12 UART/Source/decoder_generic.v"/>
        <Attr Name="ImportTime" Val="1713553980"/>
        <Attr Name="UsedIn" Val="synthesis"/>
        <Attr Name="UsedIn" Val="implementation"/>
        <Attr Name="UsedIn" Val="simulation"/>
      </FileInfo>
    </File>
    <File Path="$PSRCDIR/sources_1/imports/Source/edge_detector.v">
      <FileInfo>
        <Attr Name="ImportPath" Val="C:/Users/HP/OneDrive/Desktop/ece_3300-main/ece_3300-main/M12 UART/Source/edge_detector.v"/>
        <Attr Name="ImportTime" Val="1713553980"/>
        <Attr Name="UsedIn" Val="synthesis"/>
        <Attr Name="UsedIn" Val="implementation"/>
        <Attr Name="UsedIn" Val="simulation"/>
      </FileInfo>
    </File>
    <File Path="$PSRCDIR/sources_1/imports/Source/hex2sseg.v">
      <FileInfo>
        <Attr Name="ImportPath" Val="C:/Users/HP/OneDrive/Desktop/ece_3300-main/ece_3300-main/M12 UART/Source/hex2sseg.v"/>
        <Attr Name="ImportTime" Val="1713553980"/>
        <Attr Name="UsedIn" Val="synthesis"/>
        <Attr Name="UsedIn" Val="implementation"/>
        <Attr Name="UsedIn" Val="simulation"/>
      </FileInfo>
    </File>
    <File Path="$PSRCDIR/sources_1/imports/Source/mux_8x1_nbit.v">
      <FileInfo>
        <Attr Name="ImportPath" Val="C:/Users/HP/OneDrive/Desktop/ece_3300-main/ece_3300-main/M12 UART/Source/mux_8x1_nbit.v"/>
        <Attr Name="ImportTime" Val="1713553980"/>
        <Attr Name="UsedIn" Val="synthesis"/>
        <Attr Name="UsedIn" Val="implementation"/>
        <Attr Name="UsedIn" Val="simulation"/>
      </FileInfo>
    </File>
    <File Path="$PSRCDIR/sources_1/imports/Source/sseg_driver.v">
      <FileInfo>
        <Attr Name="ImportPath" Val="C:/Users/HP/OneDrive/Desktop/ece_3300-main/ece_3300-main/M12 UART/Source/sseg_driver.v"/>
        <Attr Name="ImportTime" Val="1713553980"/>
        <Attr Name="UsedIn" Val="synthesis"/>
        <Attr Name="UsedIn" Val="implementation"/>
        <Attr Name="UsedIn" Val="simulation"/>
      </FileInfo>
    </File>
    <File Path="$PSRCDIR/sources_1/imports/Source/synchronizer.v">
      <FileInfo>
        <Attr Name="ImportPath" Val="C:/Users/HP/OneDrive/Desktop/ece_3300-main/ece_3300-main/M12 UART/Source/synchronizer.v"/>
        <Attr Name="ImportTime" Val="1713553980"/>
        <Attr Name="UsedIn" Val="synthesis"/>
        <Attr Name="UsedIn" Val="implementation"/>
        <Attr Name="UsedIn" Val="simulation"/>
      </FileInfo>
    </File>
    <File Path="$PSRCDIR/sources_1/imports/Source/timer_input.v">
      <FileInfo>
        <Attr Name="ImportPath" Val="C:/Users/HP/OneDrive/Desktop/ece_3300-main/ece_3300-main/M12 UART/Source/timer_input.v"/>
        <Attr Name="ImportTime" Val="1713553980"/>
        <Attr Name="UsedIn" Val="synthesis"/>
        <Attr Name="UsedIn" Val="implementation"/>
        <Attr Name="UsedIn" Val="simulation"/>
      </FileInfo>
    </File>
    <File Path="$PSRCDIR/sources_1/imports/Source/timer_parameter.v">
      <FileInfo>
        <Attr Name="ImportPath" Val="C:/Users/HP/OneDrive/Desktop/ece_3300-main/ece_3300-main/M12 UART/Source/timer_parameter.v"/>
        <Attr Name="ImportTime" Val="1713553980"/>
        <Attr Name="UsedIn" Val="synthesis"/>
        <Attr Name="UsedIn" Val="implementation"/>
        <Attr Name="UsedIn" Val="simulation"/>
      </FileInfo>
    </File>
    <File Path="$PSRCDIR/sources_1/imports/Source/uart.v">
      <FileInfo>
        <Attr Name="ImportPath" Val="C:/Users/HP/OneDrive/Desktop/ece_3300-main/ece_3300-main/M12 UART/Source/uart.v"/>
        <Attr Name="ImportTime" Val="1713553980"/>
        <Attr Name="UsedIn" Val="synthesis"/>
        <Attr Name="UsedIn" Val="implementation"/>
        <Attr Name="UsedIn" Val="simulation"/>
      </FileInfo>
    </File>
    <File Path="$PSRCDIR/sources_1/imports/Source/uart_rx.v">
      <FileInfo>
        <Attr Name="ImportPath" Val="C:/Users/HP/OneDrive/Desktop/ece_3300-main/ece_3300-main/M12 UART/Source/uart_rx.v"/>
        <Attr Name="ImportTime" Val="1713553980"/>
        <Attr Name="UsedIn" Val="synthesis"/>
        <Attr Name="UsedIn" Val="implementation"/>
        <Attr Name="UsedIn" Val="simulation"/>
      </FileInfo>
    </File>
    <File Path="$PSRCDIR/sources_1/imports/Source/uart_tx.v">
      <FileInfo>
        <Attr Name="ImportPath" Val="C:/Users/HP/OneDrive/Desktop/ece_3300-main/ece_3300-main/M12 UART/Source/uart_tx.v"/>
        <Attr Name="ImportTime" Val="1713553980"/>
        <Attr Name="UsedIn" Val="synthesis"/>
        <Attr Name="UsedIn" Val="implementation"/>
        <Attr Name="UsedIn" Val="simulation"/>
      </FileInfo>
    </File>
    <File Path="$PSRCDIR/sources_1/imports/Source/udl_counter.v">
      <FileInfo>
        <Attr Name="ImportPath" Val="C:/Users/HP/OneDrive/Desktop/ece_3300-main/ece_3300-main/M12 UART/Source/udl_counter.v"/>
        <Attr Name="ImportTime" Val="1713553980"/>
        <Attr Name="UsedIn" Val="synthesis"/>
        <Attr Name="UsedIn" Val="implementation"/>
        <Attr Name="UsedIn" Val="simulation"/>
      </FileInfo>
    </File>
    <File Path="$PSRCDIR/sources_1/imports/Source/terminal_demo.v">
      <FileInfo>
        <Attr Name="ImportPath" Val="C:/Users/HP/OneDrive/Desktop/ece_3300-main/ece_3300-main/M12 UART/Source/terminal_demo.v"/>
        <Attr Name="ImportTime" Val="1713553980"/>
        <Attr Name="UsedIn" Val="synthesis"/>
        <Attr Name="UsedIn" Val="implementation"/>
        <Attr Name="UsedIn" Val="simulation"/>
      </FileInfo>
    </File>
    <Config>
      <Option Name="DesignMode" Val="RTL"/>
      <Option Name="TopModule" Val="terminal_demo"/>
      <Option Name="TopAutoSet" Val="TRUE"/>
    </Config>
  </FileSet>
  <FileSet Name="constrs_in" Type="Constrs" RelSrcDir="$PSRCDIR/constrs_1">
    <Filter Type="Constrs"/>
    <Config>
      <Option Name="ConstrsType" Val="XDC"/>
    </Config>
  </FileSet>
  <FileSet Name="utils" Type="Utils" RelSrcDir="$PSRCDIR/utils_1">
    <Filter Type="Utils"/>
    <Config>
      <Option Name="TopAutoSet" Val="TRUE"/>
    </Config>
  </FileSet>
  <Strategy Version="1" Minor="2">
    <StratHandle Name="Vivado Synthesis Defaults" Flow="Vivado Synthesis 2020">
      <Desc>Vivado Synthesis Defaults</Desc>
    </StratHandle>
    <Step Id="synth_design"/>
  </Strategy>
  <BlockFileSet Type="BlockSrcs" Name="fifo_generator_0"/>
</GenRun>
